-- ============================================
-- SchoolHub — Seed Data for Development
-- Run after 001_initial_schema.sql
-- ============================================
-- DEV-ONLY: Real bcrypt hashes (cost 12) for known PINs.
-- DO NOT use these PINs in production.
--
-- PIN Reference Table:
--   Teachers:  111111, 222222, 333333, 444444, 555555
--   Admin:     100100
--   Parents:   600600, 700700, 800800
--   Students:  101010, 202020, 303030, 404040, 505050
-- ============================================

-- 1 School
INSERT INTO school (id, name) VALUES
  ('00000000-0000-0000-0000-000000000001', 'בית ספר דמו — SchoolHub');

-- 5 Teachers (3 homeroom + 2 subject)
-- PIN: 111111, 222222, 333333, 444444, 555555
-- גב׳ כהן = מחנכת ז'2, מר לוי = מחנך ד'1, גב׳ אברהם = מחנכת ב'3
-- מר דוד + גב׳ רחל = מורים מקצועיים
INSERT INTO "user" (id, school_id, name, role, pin, email, is_homeroom_teacher) VALUES
  ('10000000-0000-0000-0000-000000000001', '00000000-0000-0000-0000-000000000001', 'גב׳ כהן', 'teacher', '$2b$12$nzwQj92aAxcA20bkO4SGsO2ZVK3Tcc2XnbfqdsxIU6q5/HBiUJPEq', 'cohen@demo.school', true),
  ('10000000-0000-0000-0000-000000000002', '00000000-0000-0000-0000-000000000001', 'מר לוי', 'teacher', '$2b$12$JdLHvmkQSoD04EA6iNvjd..oyV7ltc4wyuku6yJO0GuiKVQdbZ6kq', 'levi@demo.school', true),
  ('10000000-0000-0000-0000-000000000003', '00000000-0000-0000-0000-000000000001', 'גב׳ אברהם', 'teacher', '$2b$12$ijLoCED74UF5p391f/UFFuLVQepTyppYKbxSh2LAAPM46BD0KNw7G', 'avraham@demo.school', true),
  ('10000000-0000-0000-0000-000000000004', '00000000-0000-0000-0000-000000000001', 'מר דוד', 'teacher', '$2b$12$goZ8HLYuZ8YG1O897.LLreHOZjas1NkZexTn01oV/x9spsLzhrhh6', 'david@demo.school', false),
  ('10000000-0000-0000-0000-000000000005', '00000000-0000-0000-0000-000000000001', 'גב׳ רחל', 'teacher', '$2b$12$njMaN1SjvYR9..OW5FIEb.k7QMR8pdzxpT6Mw59jPYjt5OYLm.WIi', 'rachel@demo.school', false);

-- 1 Admin (PIN: 100100)
INSERT INTO "user" (id, school_id, name, role, pin, email) VALUES
  ('20000000-0000-0000-0000-000000000001', '00000000-0000-0000-0000-000000000001', 'מנהלת — שרה', 'admin', '$2b$12$oRUs/zsT4BKcxSCNsDaChe/pJyBGzOOaBl4gkg5cgw561HFk96PyS', 'admin@demo.school');

-- 3 Parents
INSERT INTO "user" (id, school_id, name, role, pin, phone, email) VALUES
  ('30000000-0000-0000-0000-000000000001', '00000000-0000-0000-0000-000000000001', 'יעל כהן (הורה)', 'parent', '$2b$12$GDqa2f9ZOs/IhS3abDID3OZdQbqRkKWGAoKLotMMunBxcTbxPePXm', '054-1234567', 'yael@example.com'),
  ('30000000-0000-0000-0000-000000000002', '00000000-0000-0000-0000-000000000001', 'דנה לוי (הורה)', 'parent', '$2b$12$U/scKIRUVMGAL/cmcyRACuHjYpIvyZZMC/mPdffZHVozGlq1AKr2m', '052-9876543', 'dana@example.com'),
  ('30000000-0000-0000-0000-000000000003', '00000000-0000-0000-0000-000000000001', 'אבי ברק (הורה)', 'parent', '$2b$12$IljusjpcLCeVKm5wJ6tDheWDtPvTwUdjMdep.jvUxowb7wUUdlCOe', '050-5555555', NULL);

-- 3 Classes
INSERT INTO class (id, school_id, name, grade) VALUES
  ('40000000-0000-0000-0000-000000000001', '00000000-0000-0000-0000-000000000001', 'ז׳2', 7),
  ('40000000-0000-0000-0000-000000000002', '00000000-0000-0000-0000-000000000001', 'ד׳1', 4),
  ('40000000-0000-0000-0000-000000000003', '00000000-0000-0000-0000-000000000001', 'ב׳3', 2);

-- 15 Students (as users)
-- PINs: 101010, 202020, 303030, 404040, 505050, 606060, 707070, 808080, 909090, 121212, 131313, 141414, 151515, 161616, 171717
INSERT INTO "user" (id, school_id, name, role, pin) VALUES
  ('50000000-0000-0000-0000-000000000001', '00000000-0000-0000-0000-000000000001', 'יואב', 'student', '$2b$12$c7MzMtXTvu9CKWdaSyzyl.bqHKWpCv5SS.PQhRQ16zf.O9gYPkCke'),
  ('50000000-0000-0000-0000-000000000002', '00000000-0000-0000-0000-000000000001', 'נועה', 'student', '$2b$12$BcQ9TKaDuIG7UGJIzb/QneddrK59hcO.F4sCfp/D8g3pxdZtD2yt6'),
  ('50000000-0000-0000-0000-000000000003', '00000000-0000-0000-0000-000000000001', 'עומר', 'student', '$2b$12$ZlaesIV/9UNY8Uh84LnoJeeptrvOBGdBvD2Z9KDEGJZfOUXDSAEBG'),
  ('50000000-0000-0000-0000-000000000004', '00000000-0000-0000-0000-000000000001', 'שירה', 'student', '$2b$12$gdO1TDFudY4qR80zdkhExux.Xy5KzwwN6XYhIPhj6MVCRkfknpf7i'),
  ('50000000-0000-0000-0000-000000000005', '00000000-0000-0000-0000-000000000001', 'אור', 'student', '$2b$12$8jY6Lq0uWoCylkiATbJwKuVKCRMEtT7ZiQ/4ZUbSf.6CBLOYILF8y'),
  ('50000000-0000-0000-0000-000000000006', '00000000-0000-0000-0000-000000000001', 'תמר', 'student', '$2a$12$QBklgDSEYS.dl75A3ZtuMu1tllx4aGupRGfG7CLgekVN9RqqEobaG'),
  ('50000000-0000-0000-0000-000000000007', '00000000-0000-0000-0000-000000000001', 'איתי', 'student', '$2a$12$UuzxSMd9QoxLkFOlhr9RleN7SV3WARP8OqTY4KH7c07B2QjRNshaW'),
  ('50000000-0000-0000-0000-000000000008', '00000000-0000-0000-0000-000000000001', 'מאיה', 'student', '$2a$12$HAa27Pl/klK8yf8vBJl/7.M3cQJkq9myw2EhEiHgdC7tEMSQzJUfu'),
  ('50000000-0000-0000-0000-000000000009', '00000000-0000-0000-0000-000000000001', 'דניאל', 'student', '$2a$12$HmCpUeMVZv/FEuA2TxtweOhYDEQC1mL28LP4DjgcZ.zy4xFeGFvFC'),
  ('50000000-0000-0000-0000-000000000010', '00000000-0000-0000-0000-000000000001', 'ליאור', 'student', '$2a$12$OwcDs/mLwy9HSEYnO9WYXuI8w0ZYs0VvagwIAPdS0PJmthTFKHkDq'),
  ('50000000-0000-0000-0000-000000000011', '00000000-0000-0000-0000-000000000001', 'עדי', 'student', '$2a$12$ZvoowDN29f/rvFGVntmVkOOCp.Guq79iHoL9H.31oCPj9.O5o/ArW'),
  ('50000000-0000-0000-0000-000000000012', '00000000-0000-0000-0000-000000000001', 'רותם', 'student', '$2a$12$hH4.rhEQG5EgDFtGqe69wuG5N8Up3UAudxqGrk9SkAUaMum6.STLG'),
  ('50000000-0000-0000-0000-000000000013', '00000000-0000-0000-0000-000000000001', 'גיל', 'student', '$2a$12$9cPQQTdSY8ke.68UZTxtpeFdpnGUeWoc3DPn7WP.zQi3AMCfXmUBW'),
  ('50000000-0000-0000-0000-000000000014', '00000000-0000-0000-0000-000000000001', 'הדס', 'student', '$2a$12$PW7RVY38NZCtXyaBQ8j2ReHvYp75xuDkS4RaTI2kTBeDZYu0d30cq'),
  ('50000000-0000-0000-0000-000000000015', '00000000-0000-0000-0000-000000000001', 'אלון', 'student', '$2a$12$CzlIeCTXsjEAeO9vEbClu.fnpp9c8iMWWFp3njeGUexndn1uxdv52');

-- Student → Class assignments (5 per class)
INSERT INTO student (id, user_id, class_id) VALUES
  ('60000000-0000-0000-0000-000000000001', '50000000-0000-0000-0000-000000000001', '40000000-0000-0000-0000-000000000001'), -- יואב → ז'2
  ('60000000-0000-0000-0000-000000000002', '50000000-0000-0000-0000-000000000002', '40000000-0000-0000-0000-000000000002'), -- נועה → ד'1
  ('60000000-0000-0000-0000-000000000003', '50000000-0000-0000-0000-000000000003', '40000000-0000-0000-0000-000000000003'), -- עומר → ב'3
  ('60000000-0000-0000-0000-000000000004', '50000000-0000-0000-0000-000000000004', '40000000-0000-0000-0000-000000000001'), -- שירה → ז'2
  ('60000000-0000-0000-0000-000000000005', '50000000-0000-0000-0000-000000000005', '40000000-0000-0000-0000-000000000002'), -- אור → ד'1
  ('60000000-0000-0000-0000-000000000006', '50000000-0000-0000-0000-000000000006', '40000000-0000-0000-0000-000000000001'), -- תמר → ז'2
  ('60000000-0000-0000-0000-000000000007', '50000000-0000-0000-0000-000000000007', '40000000-0000-0000-0000-000000000002'), -- איתי → ד'1
  ('60000000-0000-0000-0000-000000000008', '50000000-0000-0000-0000-000000000008', '40000000-0000-0000-0000-000000000003'), -- מאיה → ב'3
  ('60000000-0000-0000-0000-000000000009', '50000000-0000-0000-0000-000000000009', '40000000-0000-0000-0000-000000000001'), -- דניאל → ז'2
  ('60000000-0000-0000-0000-000000000010', '50000000-0000-0000-0000-000000000010', '40000000-0000-0000-0000-000000000002'), -- ליאור → ד'1
  ('60000000-0000-0000-0000-000000000011', '50000000-0000-0000-0000-000000000011', '40000000-0000-0000-0000-000000000003'), -- עדי → ב'3
  ('60000000-0000-0000-0000-000000000012', '50000000-0000-0000-0000-000000000012', '40000000-0000-0000-0000-000000000001'), -- רותם → ז'2
  ('60000000-0000-0000-0000-000000000013', '50000000-0000-0000-0000-000000000013', '40000000-0000-0000-0000-000000000002'), -- גיל → ד'1
  ('60000000-0000-0000-0000-000000000014', '50000000-0000-0000-0000-000000000014', '40000000-0000-0000-0000-000000000003'), -- הדס → ב'3
  ('60000000-0000-0000-0000-000000000015', '50000000-0000-0000-0000-000000000015', '40000000-0000-0000-0000-000000000003'); -- אלון → ב'3

-- Parent → Student links
INSERT INTO parent_student (parent_id, student_id, last_viewed) VALUES
  ('30000000-0000-0000-0000-000000000001', '60000000-0000-0000-0000-000000000001', true),   -- יעל → יואב (last viewed)
  ('30000000-0000-0000-0000-000000000001', '60000000-0000-0000-0000-000000000002', false),  -- יעל → נועה
  ('30000000-0000-0000-0000-000000000001', '60000000-0000-0000-0000-000000000003', false),  -- יעל → עומר (3 kids!)
  ('30000000-0000-0000-0000-000000000002', '60000000-0000-0000-0000-000000000002', true),   -- דנה → נועה
  ('30000000-0000-0000-0000-000000000002', '60000000-0000-0000-0000-000000000005', false),  -- דנה → אור
  ('30000000-0000-0000-0000-000000000003', '60000000-0000-0000-0000-000000000004', true);   -- אבי → שירה

-- Weekly schedule templates (class ז'2)
INSERT INTO lesson_template (id, class_id, teacher_id, subject, day_of_week, start_time, duration_minutes) VALUES
  ('70000000-0000-0000-0000-000000000001', '40000000-0000-0000-0000-000000000001', '10000000-0000-0000-0000-000000000001', 'מתמטיקה', 0, '08:00', 45),
  ('70000000-0000-0000-0000-000000000002', '40000000-0000-0000-0000-000000000001', '10000000-0000-0000-0000-000000000002', 'אנגלית', 0, '09:00', 45),
  ('70000000-0000-0000-0000-000000000003', '40000000-0000-0000-0000-000000000001', '10000000-0000-0000-0000-000000000003', 'מדעים', 0, '10:00', 45),
  ('70000000-0000-0000-0000-000000000004', '40000000-0000-0000-0000-000000000001', '10000000-0000-0000-0000-000000000004', 'היסטוריה', 0, '11:00', 45),
  ('70000000-0000-0000-0000-000000000005', '40000000-0000-0000-0000-000000000001', '10000000-0000-0000-0000-000000000001', 'מתמטיקה', 2, '08:00', 45),
  ('70000000-0000-0000-0000-000000000006', '40000000-0000-0000-0000-000000000001', '10000000-0000-0000-0000-000000000005', 'עברית', 2, '09:00', 45);

-- Sample lesson instances for today
INSERT INTO lesson_instance (template_id, date, meeting_url, status) VALUES
  ('70000000-0000-0000-0000-000000000001', CURRENT_DATE, 'https://zoom.us/j/123456789', 'scheduled'),
  ('70000000-0000-0000-0000-000000000002', CURRENT_DATE, 'https://teams.microsoft.com/l/meetup-join/abc', 'scheduled'),
  ('70000000-0000-0000-0000-000000000003', CURRENT_DATE, NULL, 'scheduled'),  -- no link yet!
  ('70000000-0000-0000-0000-000000000004', CURRENT_DATE, 'https://zoom.us/j/987654321', 'completed');

-- 1 Active invitation per class
INSERT INTO invitation (class_id, school_id, token, created_by) VALUES
  ('40000000-0000-0000-0000-000000000001', '00000000-0000-0000-0000-000000000001', 'abc123def456', '20000000-0000-0000-0000-000000000001'),
  ('40000000-0000-0000-0000-000000000002', '00000000-0000-0000-0000-000000000001', 'ghi789jkl012', '20000000-0000-0000-0000-000000000001'),
  ('40000000-0000-0000-0000-000000000003', '00000000-0000-0000-0000-000000000001', 'mno345pqr678', '20000000-0000-0000-0000-000000000001');

-- Sample audit log
INSERT INTO admin_audit_log (school_id, user_id, action, target_type, target_id, details) VALUES
  ('00000000-0000-0000-0000-000000000001', '20000000-0000-0000-0000-000000000001', 'create_class', 'class', '40000000-0000-0000-0000-000000000001', '{"name": "ז׳2", "grade": 7}'),
  ('00000000-0000-0000-0000-000000000001', '20000000-0000-0000-0000-000000000001', 'create_user', 'user', '50000000-0000-0000-0000-000000000001', '{"name": "יואב", "role": "student"}');
